,id
0,HF1NlXbtBLM
1,fzIG7Nuc_Vo
2,iLQChEJTALU
3,zTd2LfLJehE
4,2NdhB-q-6VM
5,c3wl7nDAcbU
6,A2k5XvcwlfA
7,vzEX-XywVM8
8,CVzN_I7LYsE
9,CDWpLV7RQUU
10,nexd5QoweiI
11,ZMn1RQpjcec
12,t32n_6n9-b0
13,6Botlp7pPjw
14,ODpGswMZWv4
15,hX-88Fcn7x8
16,xziG5NURQu0
17,vdcW605GUuM
18,fjjMoKNbINs
19,D5O2wNVXrCU
20,E-qnxJGT5Ps
21,N4baKkYCDdg
22,_oWhUVMLjYs
23,PKveQsebx3I
24,TKDPJ-_thHw
25,KDBnTXRy1Bc
26,X0DGb-1zv7g
27,yT1UHix4JQE
28,67VAE1wVtOA
29,lyZ8p6LQPeA
30,qCK2loZfjb8
31,usNCkuB3JHw
32,8WoBSCLd-Q0
33,h8N4L_61PY8
34,Wjm82klcoxw
35,3f8RiRR1c38
36,l1h15fGHeaI
37,GhCrSge4D-0
38,5PYXjoPwWfs
39,80m5DrbxYXM
40,WiLBmLL4sVU
41,f8uvURlB3Yw
42,x_Fit3t84qk
43,vBS0KJxFJ20
44,_KbPF7WM7cc
45,u7WWETEMFcs
46,v01qcSuh_UI
47,63iTINYDdvA
48,UOMCAQ1cp58
49,wim2NJ5gOaM
50,Y9cab_Tth3I
51,mvtnz5nWZvo
52,pKzD0PmWhUg
53,ndanKmYZlWE
54,2jg9L8kSAcw
55,MWkd-qWpHus
56,3RxD7aBxgNE
57,-U4plssRigE
58,FkcxYClUdhg
59,bcMcBzqQpuw
60,mCdW1AtWPRc
61,5zVyFXvEIBk
62,TGLnPaG7YoU
63,UpyfpOhfrLg
64,pyW-cohzMuY
65,RIVVHVs7X44
66,8_KzUhV-TZk
67,5rj3npVgNEA
68,vf8EasTp2Hs
69,hXgCcNM-wuE
70,w0huTaH3MG0
71,_zaExnRefxM
72,pmRmV2XpXe0
73,_3yPz_NH4so
74,r49SdweiL1g
75,Blj6QiL-q4w
76,R3L4BngCO7g
77,BL8GXocQSlU
78,byjUMWBEIFk
79,-BprdfhbDpw
80,x9Jjff9d1V0
81,K1wkK5lPLqw
82,fz4Jvl6uF7M
83,5kTRF3tplJY
84,-WarYqbD1Mg
85,GPKdoIDusXk
86,guogxGrkq_Y
87,HXsmLyjaqtw
88,wwp890x9i6U
89,c6CTHkbvSxc
90,owAdcIviQ8w
91,M5P5qp__UdY
92,HEowvZ2lrd8
93,dcGOFE1Q1JI
94,u4VgiEZ-MXs
95,FX36v6a6gmQ
96,2bOqAWXY2jk
97,odLM0urpm5g
98,bnou6SDDet0
99,FodScFwXnDQ
100,GcxuFchnjJY
101,wFjTYByvkDw
102,T4Ir63zfQ8I
103,bcOxYkFPSNs
104,JtqWJmsn0YU
105,zZyeC62aIkI
106,Njvm4xTfhHk
107,sIpIy81gEEw
108,KbNAHF_axIg
109,gTKNpqAqAaQ
110,yPUzLUJDeSw
111,7nbfUV_YGSU
112,mUahzz_j6-4
113,jfts2keV8I4
114,eowGcPrFXoo
115,NNl-F15zX38
116,39FUPV6w0lI
117,ZrKhgWr7HVE
118,UDnGe6DhgOc
119,lkCFnqjZf0A
120,-LHuBtyP5QM
121,7f_bJFjP5o4
122,ybEmF_OXyR8
123,Eix0UGCnGjI
124,E-s_JEY43Xc
125,ipSpPzFqNH0
126,saVNZXXUFxg
127,zGFA7LegNzk
128,A10Nwvj7ny8
129,nwPq8L2SxVw
130,8FmZwd_79RA
131,UsN9kxGLpMs
132,OSs94PxwvqQ
133,PBydsJvLuxQ
134,aDokv0k85Yc
135,KgMpgEbw1xc
136,LCs4ktetOw0
137,aWyNyhFhwvA
138,TJDdGZ9rnVE
139,Pe2s9w350RA
140,lxt2ihPzu9c
141,DkmlYpOMbQ8
142,YpN6aX7jw9s
143,axxj_uq1yrk
144,b-3v1pyVJdA
145,McvDMNLF25c
146,-isMjRnTHrA
147,XGxRHezL7BI
148,uZhJX4x-7DY
149,PRaKkq2YO3s
150,OkHPaHF0y7Q
151,LCqqF6CwxNk
152,i5xWmQv2rpQ
153,Sy56voNX40k
154,A9CI9qjXhp8
155,w71Gyg3RdzE
156,HdlC1jOUdR0
157,EgKDQ8Zog84
158,cf4OoXIcODU
159,cm0jO8sF5y0
160,Cr8yHGOKzr8
161,WVEw6hi0gMo
162,-Pjff_nCN9c
163,tEQCiSPrhaU
164,Y7HLLvG1ybw
165,ekAcx9hJnQw
166,gPs1oesAwmo
167,OkuVN-kFh4g
168,6brGVB-ykrw
169,PqHa-AacefA
170,EZVI_2DOVPg
171,5LR49oveNuM
172,apGQ5tBu8Zk
173,WGPe2j4u7nA
174,96FM0h6agz4
175,S_TOTcv2iKY
176,e2gQL0Dj_qw
177,q7w7arTB7fw
178,Ukhi3XhxQwc
179,7P3k81CaKqU
180,tk9YrQ1_Dj0
181,ri-Cft253IM
182,W6bmb2NfO6g
183,Td2HBpsusFE
184,pgbXUjuBbjQ
185,HvEccDTQsws
186,5TqYlkiDU9I
187,yF4_rh42fwo
188,7i4edoW4KJ8
189,wEVNFylbnKs
190,tie8OvBe9tc
191,UtEv77eDo4g
192,NG7gaDK8Mwc
193,kU7jA-2wv4k
194,1DTQbYZp2ew
195,wMxmh2ll5y8
196,2t-Mrp6-t28
197,yEJ3dG0U_YI
198,GG2VMRQcTAg
199,5japOQ76pr4
200,SCUdMw7q5zg
201,hassqXTvsXM
202,fU_PrmtdWNA
203,WlWA4MZ1L64
204,7O5LJyjr9wQ
205,_rbocOahgds
206,9pK9ZcsWL9E
207,fP18NQ4n5CI
208,-lE0NqUfxwQ
209,WUPeSdrv-KU
210,y6wUlvY7y2Q
211,hHPxVIFpGFQ
212,NjT9bVlIskA
213,qLjLObOl-LY
214,7ztmqyEoj7A
215,naP-yR3lDuk
216,nOOjNmEJ8HU
217,RIJiSDbLTyM
218,7pvI38cR7bo
219,xRvjHKlG8vg
220,RdSG7MN7Bfo
221,erl9TSlLzyc
222,9KRh72jhoLc
223,GhiJ_DTpdQg
224,TnUFvTX1GMQ
225,H_mXpoUb3zo
226,ssltsJvmAH8
227,6r40OP3jqNk
228,DWXl-ng5BUM
229,OGiInq_5sMU
230,Lx1f4ZX-uSU
231,lNdxXktvjVs
232,glJ2tI637-w
233,ze4Y9Ml60ks
234,xNmoTMeYMnc
235,jbNdz8WePuE
236,08xvDixDZRU
237,RG-dXrbRNuw
238,FDHNxQLotB0
239,3wtB2PgxwFk
240,PYoOW--ojvg
241,BVtEtcgHeZU
242,_l8XMv_oSm4
243,H8pJA0mFBMI
244,fp4MutsrLOA
245,E4oTUXfI8_g
246,pdMOROlJmp8
247,lA_LBClKP0U
248,u8Pgn61_G7Y
249,PsV7fLdG5mI
250,pyWFm7Bi-tw
251,VHo5xlRoZ8A
252,yY8ODghKoiI
253,vNOkmNkJbpE
254,dA9P6ezdqk4
255,c4PnGTdVgYY
256,l9Q9u3XHNJs
257,CwrZz5kbvvc
258,Gkh6vRzh6EI
259,0tHvA25SwUE
260,xfn5MMxX2yA
261,wOp69oc72ZU
262,QkneDNqGAyM
263,O3uyrSR0Weg
264,LD3GM2iGv08
265,uV4-nBOBJEM
266,UOawaqUNIk4
267,BjX_IO8ml5s
268,cnfOkeQKFFw
269,8c4fD11rnjA
270,7yxI7K38xKs
271,m3BPRtuXgX4
272,L5EDXyEtHSI
273,Wf9H52xBz2I
274,C3fvWGXeomM
275,2tDKs7NMru8
276,dcBmRTVPlFU
277,WuRZ7iV8gcg
278,-gi9o0L41tA
279,xoX_mK70t4A
280,rhqm0Y79gQw
281,F_HZ--VeKxQ
282,1mD7jowph8k
283,fUHV1UCIkGo
284,kgxRv--ezQ8
285,En0AfVcj5uI
286,gZWowxt-iSc
287,gG7K5rT32dU
288,582oefPrc3g
289,XclPAW5M6CE
290,-l0f4W7RV58
291,gbI6YqXAI8Q
292,UFgS8PIBeK4
293,PYMwmUrgwew
294,NmSIcXSbYdA
295,GcfVUrGOFR8
296,Gu1o8Lam8iE
297,kbErt9SH5Ow
298,y-XBxVreS90
299,FcKbuYzmMhE
300,pHrH1fmlF_A
301,up4azwugOzw
302,vGjWMGBmfb4
303,rg6DVD1wbMk
304,jBaDxFZM3wA
305,TyqugKEQfDU
306,s67VmzhVfdA
307,QPT5nRq11Ow
308,BdVktDT44fc
309,dkrLJpO1r8Y
310,xVwacyWcPZA
311,Svgop0DNH4Y
312,Hl6sV4N5Zg4
313,jBED6PZQ9Qs
314,dXUDz_1HHTY
315,J-zXJ3dgUPU
316,Zw2IWIOJzGU
317,66EJVPTU2to
318,pTdv-2oLfCQ
319,QbXsYw7ooFk
320,rCzsFWExOig
321,nkE1uHtVOjo
322,nT1lhsdfHUk
323,1qVHDwds3Po
324,8qoUcCQ1l5Y
325,H24-XM4zGXY
326,sSLMpEjiEpQ
327,xsgCvMzTy74
328,_xwJXfmtuII
329,GNeCTBJRlWM
330,3oGj2TJ18EI
331,gO61GiGsb2k
332,UCHnFI6C1Ns
333,oWGCkLPbadI
334,yD3vsb3RywI
335,kvfFikproUk
336,-hGgU4_uI-U
337,wmU1vzVoNy0
338,FOB5jqROngM
339,YugBIVaVDRU
340,OAOrFK5tWaM
341,w8OmMqmXPps
342,f72f4dV_ZHY
343,xfSOia6YGd4
344,1JxaHh-9dsg
345,jv0HaA2Ablo
346,YULlUOwTOuc
347,CSZRE1uv9Hw
348,vuu2XhP_RJ4
349,Uy_5iapYsQ0
350,6LQYku_eNUI
351,3a91p5YjTzE
352,ujGXtT6deS8
353,81V4J-YEVmI
354,1uYLvkIwi9A
355,RJgqFT7UO6o
356,RyeOY1lynsk
357,s_Anl9ENA9E
358,xrl7N7wcS9A
359,SbW8be1VgbE
360,82Iy8bakjEA
361,IA0Bjdn_Ohk
362,qX41JCnhrJU
363,S_0x-FBd3g8
364,wruW09rhK1U
365,twQRA3uSyNw
366,CTA5jglwBWM
367,Ti3_baQMbVA
368,JUgkC64BSS0
369,cIjKt6BriGg
370,eDwCi7GyfNU
371,EvJqYLxc8mY
372,BsYygBoRmwc
373,9Hal4zwNlw8
374,ZzzYlwpDTak
375,lDCf9S8fNZg
376,qcZlK-nIpF0
377,G4TcOZneFLs
378,3JrV-RMIUew
379,2u4yc1TExhQ
380,5rEkJGO7jm8
381,cGW01Lj9lXo
382,TB_zOZX1tJs
383,bXRBz7UNwqw
384,CqACKcujaCw
385,u8R6o54JMYg
386,dnyhuTAAJL8
387,tz0qY_7dZU4
388,HDDnw0zu6pc
389,DuZ35AKKKQ8
390,CSi2-AitktM
391,3_R2_0tOrwA
392,2HjWUTM-qLs
393,0Qpdxtr0q0g
394,C73G4U4jBDA
395,P39rN2vgQq8
396,6WyTP8YShKU
397,59gkPV_RFaM
398,6be6lSpmY4A
399,3Q4jylzykuA
400,Acc98fht6HU
401,3NGKi9jJCfU
402,1vZLesjNr1g
403,E7XWV437Iv4
404,i6wzTHlcGK0
405,sZCLl87oVvM
406,R8pmfeu2IRc
407,4UZ8pKWzFqc
408,vI1tZyc-EHM
409,PG3hfVJZcwY
410,_BwLRUfvhP4
411,ScMJGdHNVfo
412,eTNUsM0mq8Q
413,fr70aDfOfFc
414,Uvff4Fdsq8A
415,lfJaYlQcZjQ
416,hbm7vXDt16Y
417,4g6lzuceE7g
418,eOZ0cJMbI9I
419,iehm5IwvBFk
420,stXm2jvPozo
421,AmYM1qOr7rg
422,vnydlu77ao0
423,T2hO0qUACHU
424,cLRyO-XMFfs
425,wi_bmSJfR2w
426,32pda6QuKW0
427,Af41rszmfBY
428,fkls74qw5lY
429,zt5A9UGobR4
430,nh9BPBFmvEQ
431,IZ5-k3pVuDY
432,hDZZzA5vVYY
433,3B1FBQPAgls
434,aeXOk9SK86s
435,OoGnSah8HiM
436,CSSVtWDCYj4
437,QUunnmCvSFc
438,NMNlWLh_khE
439,ZMG_8MqNoGg
440,uXfv099O66Y
441,yeXFXn1kg5g
442,4PdB99IyfUc
443,yY328WQdB1U
444,oj2N1V6rFUc
445,EJU9jxRKSME
446,mDHZf_H_i8k
447,5BOTs23FU6k
448,Y-NkRO5X_m4
449,dL98oQjll3o
450,Z6joDcmA9wE
451,koV8yqRsshc
452,eoVakINEfIk
453,9MlT3BVcsYM
454,NzZ17UGZwXA
455,gIK42E1w5s0
456,PjZsxKV3IxU
457,XA_nU3NWG4I
458,dFI5q_1S4eU
459,28ZC6p7KY7Q
460,VTJFn_fyil4
461,-k79Nw7Yvoo
462,M63kAVptjwo
463,iyf1K_KhPZ8
464,wt_fgdrdcvw
465,IJDYqhD3k3s
466,FF6nYv-wRL4
467,680qdOBxyDE
468,6MGuL3Jz2zo
469,dh8dR48D-us
470,KULENOPss_E
471,nADOHF1U68g
472,TCiUiXd5N8E
473,sY7HoEYsG5w
474,CVzF0YH-1AY
